"","post_TScore","post_Acc","post_ReactionT"
"pre_TScore",0.404046530115017,0.476277159611644,0.122231434317009
"pre_Acc",0.41083018135851,0.511677771568171,0.0557908488591896
"pre_ReactionT",0.0652224131002182,-0.00265136529749122,0.28485339197647
