"","post_TScore","post_Acc","post_ReactionT"
"pre_TScore",0.44025551454513,0.485218050156363,0.129120639214974
"pre_Acc",0.429759349758419,0.498802876025014,0.0778397783376124
"pre_ReactionT",0.114643143569762,0.0711503665701157,0.251289016386216
