"","post_nihScore","post_nihAccuracy","post_nihRTScore"
"pre_nihScore",0.384003617990286,0.453807758064368,0.134349994268435
"pre_nihAccuracy",0.394419641475697,0.496422383513975,0.0658187193932489
"pre_nihRTScore",0.0739217546356825,0.00347911536055131,0.277454254377553
